conc,cols,rows,impedance,prefocusing,cell,Qcenter = 7.5 μl/min
17.414746379735963,219.08854166666663,1071.28125,1.644041333071382,No,Jurkat,Qside = 15 μl/min
18.012042132309276,224.55177993527508,1528.1844660194174,1.6486306251214915,No,Jurkat,Qside = 15 μl/min
18.295324160540904,226.89285714285717,180.8571428571429,1.650807208421308,No,Jurkat,Qside = 15 μl/min
19.050244642378168,233.45009074410163,562.0362976406534,1.6566076021974805,No,Jurkat,Qside = 15 μl/min
18.944842208237745,232.5141612200436,243.89324618736384,1.6557977478648842,No,Jurkat,Qside = 15 μl/min
19.54012535307449,237.5416058394161,660.2729927007299,1.66037157614408,No,Jurkat,Qside = 15 μl/min
19.18478540006257,234.61419068736143,782.9467849223947,1.6576413393821106,No,Jurkat,Qside = 15 μl/min
19.67171380838308,238.7208538587849,1357.9261083743845,1.6613826294610208,No,Jurkat,Qside = 15 μl/min
19.76303041888352,239.54609929078012,1571.8617021276596,1.6620842560719704,No,Jurkat,Qside = 15 μl/min
19.699520027329104,238.98785425101212,1893.0627530364368,1.6615962771539818,No,Jurkat,Qside = 15 μl/min
19.74967054122655,239.42888888888888,1108.3755555555556,1.661981606119987,No,Jurkat,Qside = 15 μl/min
19.79622224309179,239.8373015873016,1668.5575396825398,1.6623392837936837,No,Jurkat,Qside = 15 μl/min
20.334466780878493,244.2608695652174,1929.460597826087,1.6664748587875406,No,Jurkat,Qside = 15 μl/min
21.27142518240761,252.1839416058394,492.9036496350365,1.6736739318177698,No,Jurkat,Qside = 15 μl/min
22.586261031807304,263.1343843843844,620.5878378378378,1.6837764073248398,No,Jurkat,Qside = 15 μl/min
20.81989251710917,248.2865168539326,1998.2191011235957,1.6702046031605824,No,Jurkat,Qside = 15 μl/min
22.19062951324757,259.7832618025751,1300.961373390558,1.680736592333562,No,Jurkat,Qside = 15 μl/min
24.31815970312705,278.3695652173913,870.9332298136646,1.6970833641709917,No,Jurkat,Qside = 15 μl/min
23.764119866683256,389.048048048048,75.11711711711712,1.692826426789667,No,Jurkat,Qside = 15 μl/min
21.680270825034874,407.0642201834862,575.9908256880734,1.6768152768706142,No,Jurkat,Qside = 15 μl/min
21.18841372320161,411.1496746203904,1635.4511930585684,1.6730361174215334,No,Jurkat,Qside = 15 μl/min
20.27214782008604,418.7570977917981,1801.1687697160885,1.66599603416824,No,Jurkat,Qside = 15 μl/min
18.99101070614715,429.5661764705882,722.5082720588235,1.6561524812101462,No,Jurkat,Qside = 15 μl/min
17.598360432320284,441.4953560371517,404.749226006192,1.6454521224637113,No,Jurkat,Qside = 15 μl/min
15.757319768080114,459.5579268292683,90.08841463414636,1.631306578572055,No,Jurkat,Qside = 15 μl/min
14.009638599554473,480.3574561403509,648.344298245614,1.617878357697747,No,Jurkat,Qside = 15 μl/min
12.814577384003572,498.30867346938777,433.0102040816327,1.6086961646011222,No,Jurkat,Qside = 15 μl/min
15.135591313636818,196.196388261851,320.5507900677201,1.6265295590787627,No,Jurkat,Qside = 15 μl/min
15.800019348369055,203.60058309037905,1542.723032069971,1.631634658662226,No,Jurkat,Qside = 15 μl/min
16.823867012411363,214.00570342205324,610.6178707224335,1.639501340996512,No,Jurkat,Qside = 15 μl/min
16.962126352309664,215.30875576036863,1855.755760368664,1.6405636497216536,No,Jurkat,Qside = 15 μl/min
18.895940706219733,232.63836477987425,987.3459119496856,1.655422015619204,No,Jurkat,Qside = 15 μl/min
18.66540662773575,230.707779886148,326.98481973434536,1.6536507185538762,No,Jurkat,Qside = 15 μl/min
20.700269763462227,247.8530942741469,1317.6894158473106,1.6692854877140737,No,Jurkat,Qside = 15 μl/min
20.87114835063272,249.305316091954,1387.6810344827586,1.670598424794669,No,Jurkat,Qside = 15 μl/min
20.93544215470402,249.89846153846156,924.2969230769232,1.6710924230235604,No,Jurkat,Qside = 15 μl/min
21.201407030095297,252.16642120765832,1608.6863033873344,1.6731359508453856,No,Jurkat,Qside = 15 μl/min
21.808283961411977,257.1790281329923,404.9599317988065,1.6777988594033106,No,Jurkat,Qside = 15 μl/min
21.764028207582232,256.8011204481793,278.7268907563025,1.6774588225315477,No,Jurkat,Qside = 15 μl/min
22.72355568449152,264.9344,1943.2904,1.6848313039240064,No,Jurkat,Qside = 15 μl/min
22.53226275311517,263.3326446280992,134.09297520661158,1.6833615142504228,No,Jurkat,Qside = 15 μl/min
21.36994197537166,253.55298013245036,1258.0430463576158,1.6744308806706694,No,Jurkat,Qside = 15 μl/min
22.98093885809321,267.2349570200573,648.7277936962751,1.6868088946692164,No,Jurkat,Qside = 15 μl/min
23.24582398517313,269.40924464487034,866.19503945885,1.6888441262988785,No,Jurkat,Qside = 15 μl/min
23.094447064551662,268.1598837209302,826.2732558139535,1.6876810292981297,No,Jurkat,Qside = 15 μl/min
19.57176572622938,424.12494862309904,1443.3538840937117,1.660614683369197,No,Jurkat,Qside = 15 μl/min
21.99588335197124,403.6770334928229,1615.2822966507176,1.6792402699407034,No,Jurkat,Qside = 15 μl/min
21.60142153901128,407.15633423180594,210.80592991913747,1.676209442323916,No,Jurkat,Qside = 15 μl/min
20.37047355939218,417.4172015404365,374.4544287548139,1.6667515150699117,No,Jurkat,Qside = 15 μl/min
20.53254226877772,416.06240713224366,456.2005943536405,1.66799676189504,No,Jurkat,Qside = 15 μl/min
20.02250528492224,420.29173693086005,1199.5261382799326,1.6640779182314358,No,Jurkat,Qside = 15 μl/min
17.408865471653016,442.9055690072639,1021.6602098466506,1.6439961474081723,No,Jurkat,Qside = 15 μl/min
18.75263907471524,431.0443548387097,625.179435483871,1.6543209646986208,No,Jurkat,Qside = 15 μl/min
16.914005366692713,447.62,229.4693333333333,1.6401939145347149,No,Jurkat,Qside = 15 μl/min
16.721791239223585,449.4224489795918,1268.5448979591836,1.6387170468970125,No,Jurkat,Qside = 15 μl/min
16.382903611261774,452.7796610169492,730.9661016949152,1.636113220751949,No,Jurkat,Qside = 15 μl/min
15.40441006986141,462.9255663430421,1996.4401294498384,1.6285950145512764,No,Jurkat,Qside = 15 μl/min
13.69689698318674,484.113676731794,494.886323268206,1.615475423125466,No,Jurkat,Qside = 15 μl/min
16.73442308453901,213.01328903654485,1224.1661129568106,1.6388141030489012,No,Jurkat,Qside = 15 μl/min
17.62126642348504,221.41335227272728,1662.9857954545455,1.645628119501526,No,Jurkat,Qside = 15 μl/min
17.471558352296128,220.1228501228501,994.6609336609336,1.6444778450219495,No,Jurkat,Qside = 15 μl/min
18.891317825463524,232.6083916083916,1118.374125874126,1.6553864959460576,No,Jurkat,Qside = 15 μl/min
18.734702076145133,231.19758064516128,1291.6471774193549,1.6541831466669572,No,Jurkat,Qside = 15 μl/min
18.844176188711515,232.2207084468665,28.84468664850136,1.6550242855371555,No,Jurkat,Qside = 15 μl/min
19.61130827917397,238.68852459016392,1244.65925058548,1.6609185065976193,No,Jurkat,Qside = 15 μl/min
19.39212393208359,236.9760479041916,353.4745508982036,1.6592344146259674,No,Jurkat,Qside = 15 μl/min
21.35062393473193,253.3565945568737,696.8415910676902,1.6742824514713162,No,Jurkat,Qside = 15 μl/min
20.582600520269363,246.93238042880705,991.8581638262782,1.6683813819674636,No,Jurkat,Qside = 15 μl/min
20.401171246935988,245.4845238095238,1570.6809523809525,1.6669873792172702,No,Jurkat,Qside = 15 μl/min
20.85557342966746,249.23984526112184,239.18955512572532,1.6704787556681784,No,Jurkat,Qside = 15 μl/min
21.20394647795852,252.1517671517672,911.2349272349272,1.6731554625660705,No,Jurkat,Qside = 15 μl/min
21.661469420163822,255.8674157303371,59.75505617977528,1.6766708172163576,No,Jurkat,Qside = 15 μl/min
22.654534418019946,264.37310924369746,1363.616806722689,1.684300982474135,No,Jurkat,Qside = 15 μl/min
22.56761558930421,263.6132930513595,1793.297583081571,1.6836331459996394,No,Jurkat,Qside = 15 μl/min
22.305471114913814,261.37899543378995,1959.3173515981732,1.6816189720378845,No,Jurkat,Qside = 15 μl/min
22.94683004197956,266.9075630252101,1514.4313725490197,1.6865468212860475,No,Jurkat,Qside = 15 μl/min
23.36612713893598,270.4967391304348,1174.7478260869566,1.6897684695656576,No,Jurkat,Qside = 15 μl/min
24.289783640948627,278.6857855361596,367.7418952618454,1.6968653381160466,No,Jurkat,Qside = 15 μl/min
24.758148235170985,283.12860892388454,1832.262467191601,1.7004639940575244,No,Jurkat,Qside = 15 μl/min
21.91869573640273,404.38926174496646,1369.4586129753916,1.6786472027558634,No,Jurkat,Qside = 15 μl/min
22.2169772924064,401.77403846153845,1279.3798076923076,1.6809390341773398,No,Jurkat,Qside = 15 μl/min
20.896398976183413,413.0849420849421,1060.7741312741314,1.6707924367135565,No,Jurkat,Qside = 15 μl/min
18.762315781466864,430.9032258064516,1546.8866832092638,1.6543953151911115,No,Jurkat,Qside = 15 μl/min
19.824689230131437,422.0205949656751,433.1258581235698,1.6625580084652531,No,Jurkat,Qside = 15 μl/min
19.335548317414677,426.1040462427746,929.7976878612716,1.6587997187194397,No,Jurkat,Qside = 15 μl/min
18.65415537736053,431.94444444444446,1016.7407407407408,1.6535642701341806,No,Jurkat,Qside = 15 μl/min
18.151847477754835,436.12698412698415,2021.0873015873017,1.6497048125029552,No,Jurkat,Qside = 15 μl/min
17.257573072022115,444.2549504950495,446.75742574257424,1.6428336998202284,No,Jurkat,Qside = 15 μl/min
15.459692098897252,462.3394919168591,1945.8360277136255,1.6290197712572718,No,Jurkat,Qside = 15 μl/min
14.236112745455715,184.26966292134836,401.5,1.6196184604740718,No,Jurkat,Qside = 15 μl/min
15.41451335238258,198.268022181146,1605.192236598891,1.628672642617364,No,Jurkat,Qside = 15 μl/min
16.2441518895958,207.1909307875895,775.4009546539379,1.6350471288361148,No,Jurkat,Qside = 15 μl/min
19.75736564986775,238.9030633655057,1343.323961393202,1.6620407311024763,No,Jurkat,Qside = 15 μl/min
17.41829212168298,218.61847389558235,646.4109772423026,1.644068576602345,No,Jurkat,Qside = 15 μl/min
18.64889887114106,229.44163424124517,444.2996108949416,1.6535238820314686,No,Jurkat,Qside = 15 μl/min
19.160283287225518,233.8695652173913,1075.9983277591973,1.6574530786232329,No,Jurkat,Qside = 15 μl/min
19.43316979712161,236.20616883116884,711.5422077922078,1.659549788477694,No,Jurkat,Qside = 15 μl/min
19.81464898503055,239.40558139534883,787.133023255814,1.6624808647440328,No,Jurkat,Qside = 15 μl/min
19.8785122796808,239.96376811594203,119.256038647343,1.6629715551753137,No,Jurkat,Qside = 15 μl/min
21.371726293514065,252.4495798319328,1208.876050420168,1.6744445903899006,No,Jurkat,Qside = 15 μl/min
21.02227174727203,249.5143769968051,353.038338658147,1.6717595738565771,No,Jurkat,Qside = 15 μl/min
22.777431653854045,264.3006756756757,1277.242117117117,1.6852452572408048,No,Jurkat,Qside = 15 μl/min
22.0858608534364,258.4645308924485,893.2059496567506,1.679931607574336,No,Jurkat,Qside = 15 μl/min
22.834909150958293,264.766265060241,944.2132530120482,1.6856868827159304,No,Jurkat,Qside = 15 μl/min
22.89138948637201,265.23435419440744,1475.4753661784289,1.686120846549065,No,Jurkat,Qside = 15 μl/min
22.3388850627625,260.5867346938776,262.3801020408163,1.6818757064354823,No,Jurkat,Qside = 15 μl/min
23.075741920884084,266.768932038835,1069.4446601941747,1.6875373092620167,No,Jurkat,Qside = 15 μl/min
23.61487702196536,271.4142857142857,1638.1857142857143,1.6916797268544197,No,Jurkat,Qside = 15 μl/min
21.034754624328027,413.15192743764175,281.437641723356,1.671855485418293,No,Jurkat,Qside = 15 μl/min
19.10368948827911,429.3082706766917,616.0125313283208,1.657018242998718,No,Jurkat,Qside = 15 μl/min
18.436418656374567,434.87142857142857,746.8489795918367,1.651891300925321,No,Jurkat,Qside = 15 μl/min
18.189544108069484,436.9908045977011,1403.2160919540229,1.6499944526771464,No,Jurkat,Qside = 15 μl/min
16.99049521201222,447.9563025210084,263.7798319327731,1.6407816204367351,No,Jurkat,Qside = 15 μl/min
16.864624348131656,449.19390581717454,99.92520775623268,1.639814497947652,No,Jurkat,Qside = 15 μl/min
15.957810463783598,458.156146179402,685.3870431893688,1.632847038807958,No,Jurkat,Qside = 15 μl/min
15.87010738336478,458.99444444444447,1091.5907407407408,1.6321731765747138,No,Jurkat,Qside = 15 μl/min
13.86774447488281,482.74202898550726,1561.1478260869565,1.6167881212855384,No,Jurkat,Qside = 15 μl/min
15.473804547677991,198.1405405405405,1343.291891891892,1.6291282035518564,No,Jurkat,Qside = 15 μl/min
18.29233285684604,225.5966127790608,148.19207082371054,1.6507842248889335,No,Jurkat,Qside = 15 μl/min
19.818101002495226,238.59693318729464,434.3669222343921,1.6625073881476218,No,Jurkat,Qside = 15 μl/min
18.28820940251487,225.56204379562044,1302.552919708029,1.6507525425337528,No,Jurkat,Qside = 15 μl/min
17.964545959090238,222.7290502793296,959.5391061452514,1.6482656906493718,No,Jurkat,Qside = 15 μl/min
19.150508783380584,232.99502487562188,1137.7761194029852,1.6573779767116654,No,Jurkat,Qside = 15 μl/min
19.76754545084877,238.134168157424,1783.6672629695886,1.662118947094324,No,Jurkat,Qside = 15 μl/min
20.06896024886762,240.8245614035088,1821.4237516869096,1.6644348526241617,No,Jurkat,Qside = 15 μl/min
19.62040413243877,236.8853333333333,1174.2426666666668,1.6609883941313863,No,Jurkat,Qside = 15 μl/min
21.39737322221912,251.8554054054054,1243.8851351351352,1.6746416472842596,No,Jurkat,Qside = 15 μl/min
21.733103884210323,254.69911504424775,296.6442477876106,1.6772212170391356,No,Jurkat,Qside = 15 μl/min
22.707557344899985,262.80384615384617,1020.7179487179488,1.6847083814816717,No,Jurkat,Qside = 15 μl/min
22.71237926595307,262.8462585034014,1641.665306122449,1.6847454304709872,No,Jurkat,Qside = 15 μl/min
24.001899033617487,274.00928505106776,177.59610027855155,1.6946533911298485,No,Jurkat,Qside = 15 μl/min
22.760865204269656,263.3105590062112,1844.5434782608693,1.6851179697537455,No,Jurkat,Qside = 15 μl/min
24.161803952652104,275.43779342723,1368.2394366197184,1.6958820125800047,No,Jurkat,Qside = 15 μl/min
23.999836882184454,273.99252615844546,1801.3109118086695,1.6946375466924202,No,Jurkat,Qside = 15 μl/min
26.69953139664621,361.147001934236,1018.6363636363636,1.7153805145095613,No,Jurkat,Qside = 15 μl/min
21.789940125529,407.7741935483871,607.792869269949,1.6776579154574955,No,Jurkat,Qside = 15 μl/min
20.710410893881832,416.8310276679842,200.2075098814229,1.6693634065825962,No,Jurkat,Qside = 15 μl/min
20.604072491715996,417.800283286119,1399.3215297450424,1.6685463607864752,No,Jurkat,Qside = 15 μl/min
19.058364621315093,430.60283687943263,845.6790780141844,1.6566699916496437,No,Jurkat,Qside = 15 μl/min
18.41110929118769,436.02114803625375,1719.9697885196374,1.651696837683376,No,Jurkat,Qside = 15 μl/min
18.50548718548502,435.24815724815727,1971.6019656019653,1.6524219855153148,No,Jurkat,Qside = 15 μl/min
17.607591963483834,443.0460652591171,149.87523992322457,1.6455230524718298,No,Jurkat,Qside = 15 μl/min
16.796612739351353,450.7895752895753,517.7837837837837,1.639291934152169,No,Jurkat,Qside = 15 μl/min
16.324973775272937,455.4454277286136,1623.2713864306784,1.6356681197536207,No,Jurkat,Qside = 15 μl/min
12.561611600803104,504.5129265770424,38.20889348500517,1.6067525146541903,No,Jurkat,Qside = 15 μl/min
13.006248010719808,165.43561643835616,1343.958904109589,1.610168856277965,No,Jurkat,Qside = 15 μl/min
13.499269617080682,173.37623762376236,1795.0,1.6139569631393584,No,Jurkat,Qside = 15 μl/min
14.617486472232844,188.415,823.325,1.6225487264350773,No,Jurkat,Qside = 15 μl/min
15.332063321289464,196.8446601941748,1531.9449838187702,1.6280391419259614,No,Jurkat,Qside = 15 μl/min
15.754325037167568,201.43939393939397,1151.9935064935064,1.631283568706825,No,Jurkat,Qside = 15 μl/min
16.221566985954933,206.47132867132868,219.5286713286713,1.6348735988582352,No,Jurkat,Qside = 15 μl/min
16.63199947363901,210.5644699140401,584.3180515759312,1.6380271363557315,No,Jurkat,Qside = 15 μl/min
18.421223361356688,227.00224719101124,126.19775280898877,1.651774548635816,No,Jurkat,Qside = 15 μl/min
18.261014444475588,225.74018126888217,48.98187311178248,1.650543591433406,No,Jurkat,Qside = 15 μl/min
18.4456544412375,227.24413145539907,1230.7769953051643,1.651962263616526,No,Jurkat,Qside = 15 μl/min
19.621606627081302,237.3002577319588,1743.6018041237114,1.660997633438848,No,Jurkat,Qside = 15 μl/min
21.050368701004835,249.3233625580196,1076.026302217638,1.6719754553957356,No,Jurkat,Qside = 15 μl/min
20.21766540818844,242.34966592427617,523.2271714922049,1.6655774212805454,No,Jurkat,Qside = 15 μl/min
21.842034841543533,256.1031434184676,398.3349705304519,1.6780581826032577,No,Jurkat,Qside = 15 μl/min
21.91739983797015,256.6437125748503,465.12125748503,1.6786372457850516,No,Jurkat,Qside = 15 μl/min
22.18666881824731,258.8828932261768,1645.0700344431689,1.6807061605315623,No,Jurkat,Qside = 15 μl/min
22.573304147887008,262.2046783625731,120.3187134502924,1.6836768537550824,No,Jurkat,Qside = 15 μl/min
21.92030172962609,406.3657243816255,1031.7809187279152,1.6786595423244954,No,Jurkat,Qside = 15 μl/min
21.669408124644036,408.3192182410424,351.4657980456026,1.6767318138552962,No,Jurkat,Qside = 15 μl/min
18.64721924228436,433.6542404473439,280.3932898415657,1.6535109766871297,No,Jurkat,Qside = 15 μl/min
18.28765447429525,436.7418244406196,1324.779690189329,1.650748278770524,No,Jurkat,Qside = 15 μl/min
18.45527436642916,435.217877094972,663.1173184357542,1.65203617783074,No,Jurkat,Qside = 15 μl/min
17.86430334742783,440.37536656891496,1657.7947214076246,1.6474954815547942,No,Jurkat,Qside = 15 μl/min
17.429303128129824,444.3734335839599,573.2756892230576,1.644153179119829,No,Jurkat,Qside = 15 μl/min
16.53091481317949,453.11743119266055,992.9504587155964,1.6372504574213238,No,Jurkat,Qside = 15 μl/min
15.84277337976328,460.02166064981947,222.9693140794224,1.6319631571247422,No,Jurkat,Qside = 15 μl/min
14.630387390210537,473.7931873479319,868.5474452554745,1.622647849993313,No,Jurkat,Qside = 15 μl/min
14.327564563697184,477.6293859649123,355.7456140350877,1.6203211259469392,No,Jurkat,Qside = 15 μl/min
14.340909596764948,477.4441416893733,539.8310626702997,1.6204236618412635,No,Jurkat,Qside = 15 μl/min
15.091913849790572,194.8296422487223,393.5911413969336,1.6261939654691733,No,Jurkat,Qside = 15 μl/min
15.388678367584005,198.22767857142856,993.1026785714286,1.6284741408034131,No,Jurkat,Qside = 15 μl/min
15.424245585026169,198.6215053763441,847.1763440860215,1.6287474197402692,No,Jurkat,Qside = 15 μl/min
15.646912364711756,200.98249452954047,933.706783369803,1.6304582688086444,No,Jurkat,Qside = 15 μl/min
17.56996264319137,220.2939189189189,350.80855855855856,1.6452339294708287,No,Jurkat,Qside = 15 μl/min
16.956925747658257,214.60222222222225,500.54,1.6405236911358447,No,Jurkat,Qside = 15 μl/min
17.846101100443292,222.81456043956044,1744.3956043956043,1.6473556255002009,No,Jurkat,Qside = 15 μl/min
17.6047117610143,220.6171284634761,575.9823677581863,1.6455009225801651,No,Jurkat,Qside = 15 μl/min
18.59350094905129,229.3791946308725,974.1560402684564,1.653098234866988,No,Jurkat,Qside = 15 μl/min
18.996635622865483,232.91492146596855,1435.1047120418848,1.6561956999765055,No,Jurkat,Qside = 15 μl/min
18.377155526766487,227.49019607843135,2032.5816993464048,1.651435955632134,No,Jurkat,Qside = 15 μl/min
18.97270476697157,232.68659594985536,1892.8881388621023,1.6560118284417875,No,Jurkat,Qside = 15 μl/min
19.33445176632309,235.84615384615384,523.3285256410256,1.658791293423955,No,Jurkat,Qside = 15 μl/min
19.712289137294324,238.95519864750636,1506.72696534235,1.661694387971944,No,Jurkat,Qside = 15 μl/min
20.329768720448357,243.95637583892616,1188.1991051454138,1.6664387614751288,No,Jurkat,Qside = 15 μl/min
20.44441835115554,244.96539792387543,654.446366782007,1.667319666180186,No,Jurkat,Qside = 15 μl/min
20.84247015811568,248.4051282051282,1257.8478632478632,1.670378077336374,No,Jurkat,Qside = 15 μl/min
21.26456524790593,251.9372496662216,121.38584779706277,1.673621223854023,No,Jurkat,Qside = 15 μl/min
20.484771888068124,245.30285714285716,1021.2485714285714,1.667629720563377,No,Jurkat,Qside = 15 μl/min
20.93814861716437,249.1598746081505,1795.2225705329154,1.6711132179925516,No,Jurkat,Qside = 15 μl/min
21.01178198535276,249.7338003502627,922.4658493870404,1.6716789762953586,No,Jurkat,Qside = 15 μl/min
20.792827407257665,248.0122549019608,1703.2867647058824,1.6699966497422938,No,Jurkat,Qside = 15 μl/min
21.11786759956297,250.5873015873016,770.952380952381,1.672494079807862,No,Jurkat,Qside = 15 μl/min
21.92419749388772,257.47701149425285,828.058908045977,1.6786894752344117,No,Jurkat,Qside = 15 μl/min
22.909987095475778,265.95269526952694,1543.924092409241,1.6862637403487333,No,Jurkat,Qside = 15 μl/min
22.805786259315692,264.9894736842105,2005.0973684210528,1.685463118434139,No,Jurkat,Qside = 15 μl/min
22.4199243099611,400.9156976744186,1095.468023255814,1.6824983674393703,No,Jurkat,Qside = 15 μl/min
21.789426177131183,406.2270408163265,65.10204081632654,1.6776539665606784,No,Jurkat,Qside = 15 μl/min
21.873691959067614,405.50943396226415,1628.1792452830189,1.678301418482898,No,Jurkat,Qside = 15 μl/min
21.294558269172654,410.51714285714286,2011.4014285714288,1.6738516737332747,No,Jurkat,Qside = 15 μl/min
21.135295045128306,411.7427983539095,1484.0102880658435,1.672627982714491,No,Jurkat,Qside = 15 μl/min
20.898308402300373,413.7404580152672,1063.5458015267177,1.6708071076936546,No,Jurkat,Qside = 15 μl/min
19.25903349680064,427.4036511156187,1270.6653144016227,1.6582118209209928,No,Jurkat,Qside = 15 μl/min
18.609483660035,433.0218487394958,905.9294117647058,1.6532210372276956,No,Jurkat,Qside = 15 μl/min
18.75501258387081,431.6893039049236,1965.46519524618,1.6543392014375422,No,Jurkat,Qside = 15 μl/min
17.5788656297013,442.0,1412.6682808716707,1.6453023351225284,No,Jurkat,Qside = 15 μl/min
16.651921725275578,450.86173320350537,1551.69717624148,1.6381802079800685,No,Jurkat,Qside = 15 μl/min
16.70808805278581,450.2519083969466,1599.9974554707378,1.6386117591491771,No,Jurkat,Qside = 15 μl/min
16.32358498074982,454.136678200692,590.219723183391,1.6356574490203422,No,Jurkat,Qside = 15 μl/min
13.735007844559936,484.3795013850416,361.70637119113576,1.615768246023284,No,Jurkat,Qside = 15 μl/min
14.069794418197212,182.5128805620609,89.81733021077284,1.618340561922497,No,Jurkat,Qside = 15 μl/min
15.153369629527257,195.9919484702093,1205.402576489533,1.6266661578799912,No,Jurkat,Qside = 15 μl/min
15.154679435127218,196.0075,1296.8775,1.6266762217058282,No,Jurkat,Qside = 15 μl/min
17.45386616432858,219.66562986003112,933.850699844479,1.6443419079803103,No,Jurkat,Qside = 15 μl/min
18.62163292542737,229.9970930232558,78.22674418604652,1.6533143855008747,No,Jurkat,Qside = 15 μl/min
20.34145580976951,244.54025974025973,1599.6683982683985,1.6665285586415732,No,Jurkat,Qside = 15 μl/min
19.506123436476383,237.65720524017468,1334.877729257642,1.6601103241179944,No,Jurkat,Qside = 15 μl/min
20.9489924218149,249.6746031746032,1769.6690476190477,1.6711965358233936,No,Jurkat,Qside = 15 μl/min
21.03497388248917,250.398293029872,1546.778093883357,1.6718571700774114,No,Jurkat,Qside = 15 μl/min
21.275673398791977,252.47522935779816,455.9761467889908,1.673706572775948,No,Jurkat,Qside = 15 μl/min
21.92751464408928,258.02164502164504,217.8625541125541,1.6787149623921278,No,Jurkat,Qside = 15 μl/min
22.10660296016477,259.59251101321587,293.715859030837,1.680090978514278,No,Jurkat,Qside = 15 μl/min
22.083273105950447,259.4099378881988,1128.2385093167702,1.679911724745915,No,Jurkat,Qside = 15 μl/min
23.41825241925838,270.8130733944954,329.723623853211,1.6901689715507506,No,Jurkat,Qside = 15 μl/min
26.20899621335892,298.13217623498,1825.5140186915887,1.7116115119555326,No,Jurkat,Qside = 15 μl/min
22.57641994709481,398.9801801801802,311.2756756756757,1.6837007938425057,No,Jurkat,Qside = 15 μl/min
21.73852793776431,406.06457242582894,1974.788830715532,1.677262892483415,No,Jurkat,Qside = 15 μl/min
21.0002374687908,412.4271653543307,1172.6771653543308,1.6715902745795803,No,Jurkat,Qside = 15 μl/min
20.84275248476509,413.79281183932346,1475.403805496829,1.6703802465790685,No,Jurkat,Qside = 15 μl/min
20.30094125811613,418.2534142640364,862.5614567526555,1.6662172671096722,No,Jurkat,Qside = 15 μl/min
20.626469872614702,415.5388127853881,1398.9566210045662,1.6687184499427414,No,Jurkat,Qside = 15 μl/min
19.08659075664412,428.3667029379761,1668.2992383025028,1.6568868657491371,No,Jurkat,Qside = 15 μl/min
19.93858396247052,421.17711171662125,1837.983651226158,1.663433112946444,No,Jurkat,Qside = 15 μl/min
18.776747230546384,431.0244360902256,564.6466165413534,1.6545061985085414,No,Jurkat,Qside = 15 μl/min
18.041443877516716,437.4056029232643,1104.2265529841657,1.6488565319607056,No,Jurkat,Qside = 15 μl/min
14.971355791723704,468.39375,664.9859375,1.6252676636579195,No,Jurkat,Qside = 15 μl/min
13.355031144713628,172.30992736077482,136.3995157384988,1.61284871404885,No,Jurkat,Qside = 15 μl/min
13.63779021777304,176.63227016885554,1530.2626641651032,1.6150212792487482,No,Jurkat,Qside = 15 μl/min
14.736024491183112,191.17831325301205,1659.1734939759035,1.6234595073767808,No,Jurkat,Qside = 15 μl/min
17.70078933841587,221.95939086294416,599.3857868020305,1.6462391298422514,No,Jurkat,Qside = 15 μl/min
17.755513651686513,222.4831013916501,1657.648111332008,1.6466596013670507,No,Jurkat,Qside = 15 μl/min
18.136587864567705,225.91048034934497,470.3646288209607,1.6495875660280126,No,Jurkat,Qside = 15 μl/min
17.847128277243453,223.3758865248227,960.8510638297872,1.6473635177617862,No,Jurkat,Qside = 15 μl/min
18.41990586794553,228.38862559241707,235.93364928909952,1.651764425741066,No,Jurkat,Qside = 15 μl/min
18.36758785599947,227.9098901098901,1084.857142857143,1.651362442912179,No,Jurkat,Qside = 15 μl/min
18.92246343421135,232.70607028753997,149.9297124600639,1.655625801673591,No,Jurkat,Qside = 15 μl/min
18.62257566057036,230.1643192488263,813.5352112676056,1.6533216289592092,No,Jurkat,Qside = 15 μl/min
18.835183131804243,231.9913043478261,1693.458695652174,1.6549551878340611,No,Jurkat,Qside = 15 μl/min
18.709666151756515,230.9322429906542,1342.0677570093458,1.6539907843937136,No,Jurkat,Qside = 15 μl/min
19.42164750631793,237.01166489925768,93.62248144220572,1.6594612575324184,No,Jurkat,Qside = 15 μl/min
19.7489587099387,239.82872928176795,276.046408839779,1.6619761367998784,No,Jurkat,Qside = 15 μl/min
19.669032419544653,239.08461538461535,1235.8,1.6613620271439502,No,Jurkat,Qside = 15 μl/min
19.345006622088317,236.3828125,419.8619791666667,1.6588723911304843,No,Jurkat,Qside = 15 μl/min
19.610044950040283,238.60595446584935,1759.7302977232926,1.660908799871387,No,Jurkat,Qside = 15 μl/min
19.752627332157505,239.8628841607565,568.2765957446809,1.6620043244752656,No,Jurkat,Qside = 15 μl/min
19.655333373301,238.9635922330097,2028.126213592233,1.6612567712070894,No,Jurkat,Qside = 15 μl/min
20.834707830482724,248.89914772727272,921.638494318182,1.6703184358801224,No,Jurkat,Qside = 15 μl/min
19.963890662569447,241.57762557077623,1409.703196347032,1.6636275557113192,No,Jurkat,Qside = 15 μl/min
20.596384783947546,246.8834154351396,675.3087027914614,1.6684872926682217,No,Jurkat,Qside = 15 μl/min
21.32831372726781,253.10933940774487,1275.490888382688,1.6741110321077757,No,Jurkat,Qside = 15 μl/min
21.51643821605963,254.82212581344905,1493.04989154013,1.6755564772111833,No,Jurkat,Qside = 15 μl/min
21.635562776539505,255.7016706443914,472.2219570405728,1.6764717648154024,No,Jurkat,Qside = 15 μl/min
22.540905610445364,263.49756097560976,1581.9170731707318,1.6834279212125762,No,Jurkat,Qside = 15 μl/min
22.706706848942886,264.8386411889597,596.3842887473461,1.6847018467385102,No,Jurkat,Qside = 15 μl/min
24.0702417929366,276.97687861271675,1816.169556840077,1.6951784993039387,No,Jurkat,Qside = 15 μl/min
25.204981940866684,287.74059139784947,1899.9879032258063,1.703897218493552,No,Jurkat,Qside = 15 μl/min
22.84941122794202,396.5541601255887,504.81475667189954,1.685798308699331,No,Jurkat,Qside = 15 μl/min
21.62568307191192,406.975935828877,571.7094474153298,1.6763958545988815,No,Jurkat,Qside = 15 μl/min
21.167586992892733,410.9313929313929,1214.12474012474,1.6728760962805416,No,Jurkat,Qside = 15 μl/min
20.92346437295967,412.9623059866962,1148.3370288248336,1.671000392336417,No,Jurkat,Qside = 15 μl/min
20.477016958260293,416.7352472089314,1742.3221690590112,1.667570135947945,No,Jurkat,Qside = 15 μl/min
19.14731736695372,427.8503184713376,142.39702760084927,1.6573534556231204,No,Jurkat,Qside = 15 μl/min
18.397615491698065,434.2387543252595,1106.2860438292964,1.6515931587496877,No,Jurkat,Qside = 15 μl/min
18.050213213722788,437.2712305025997,1339.4254766031197,1.6489239107169782,No,Jurkat,Qside = 15 μl/min
18.9801601929406,429.27272727272725,203.76623376623377,1.6560691118344495,No,Jurkat,Qside = 15 μl/min
18.778789646272337,431.005076142132,1621.8121827411169,1.654521891307651,No,Jurkat,Qside = 15 μl/min
17.147313997936365,445.5717926932881,1254.9192863211554,1.641986529737444,No,Jurkat,Qside = 15 μl/min
17.86745889027768,438.8878787878788,752.7272727272727,1.647519727010504,No,Jurkat,Qside = 15 μl/min
15.55397043339258,461.578313253012,787.3542168674699,1.62974415412645,No,Jurkat,Qside = 15 μl/min
12.852329351390868,497.6474164133738,810.1793313069909,1.6089862299549442,No,Jurkat,Qside = 15 μl/min
12.771440581185065,162.84235294117647,116.19058823529411,1.6083647251335065,No,Jurkat,Qside = 15 μl/min
15.719352421965636,202.6997742663657,224.54401805869077,1.6310148583665518,No,Jurkat,Qside = 15 μl/min
15.768097038309008,203.21683673469389,1193.1122448979593,1.6313893851889951,No,Jurkat,Qside = 15 μl/min
16.554989076615975,211.41687344913151,1920.8138957816377,1.6374354308207248,No,Jurkat,Qside = 15 μl/min
16.44628133853498,210.2472527472528,2008.0412087912089,1.6366001803505663,No,Jurkat,Qside = 15 μl/min
17.074178256322995,216.5257234726688,891.6864951768489,1.6414245949235449,No,Jurkat,Qside = 15 μl/min
16.884620348403754,214.6977886977887,1488.1719901719905,1.6399681362159428,No,Jurkat,Qside = 15 μl/min
18.22554372054188,227.0633074935401,74.95219638242894,1.6502710538995975,No,Jurkat,Qside = 15 μl/min
18.168875823764143,226.56133056133052,588.3409563409564,1.6498356489481003,No,Jurkat,Qside = 15 μl/min
18.778512256512126,231.90889370932757,1562.9718004338397,1.6545197599972978,No,Jurkat,Qside = 15 μl/min
19.38071182936047,237.11546391752577,473.2742268041237,1.6591467303052996,No,Jurkat,Qside = 15 μl/min
19.61704783362598,239.0450097847358,1792.5479452054794,1.660962606177273,No,Jurkat,Qside = 15 μl/min
20.155869804902704,243.57601115760116,1830.094839609484,1.6651026178524797,No,Jurkat,Qside = 15 μl/min
20.115049702428955,243.2780410742496,968.8593996840442,1.6647889786361276,No,Jurkat,Qside = 15 μl/min
20.417722167741776,245.71898734177216,231.65316455696205,1.6671145473897353,No,Jurkat,Qside = 15 μl/min
20.86168317701824,249.37228260869568,710.2454710144928,1.6705256996064606,No,Jurkat,Qside = 15 μl/min
20.863341288728485,249.38781575037143,1010.040118870728,1.6705384396248808,No,Jurkat,Qside = 15 μl/min
20.60890081652508,247.27083333333331,187.20416666666668,1.6685834589787294,No,Jurkat,Qside = 15 μl/min
21.325460091995488,253.43730886850156,1509.586136595311,1.6740891063438428,No,Jurkat,Qside = 15 μl/min
22.93593429701989,267.25126135216954,898.6720484359233,1.6864631043744376,No,Jurkat,Qside = 15 μl/min
23.05323316857384,268.23222748815164,360.9763033175356,1.6873643643890786,No,Jurkat,Qside = 15 μl/min
22.91486854407667,267.07629427792915,413.8392370572207,1.6863012467149858,No,Jurkat,Qside = 15 μl/min
20.940332684680257,412.4839650145773,1885.189504373178,1.6711299991661066,No,Jurkat,Qside = 15 μl/min
20.04447030440644,419.9434977578475,1631.6134529147982,1.6642466853603914,No,Jurkat,Qside = 15 μl/min
19.901513166922705,421.2205882352941,506.56985294117646,1.6631482813423923,No,Jurkat,Qside = 15 μl/min
20.25821122853197,418.2215909090909,558.6448863636364,1.665888953063864,No,Jurkat,Qside = 15 μl/min
12.85959551654854,497.3682008368201,1959.7468619246863,1.6090420591716248,No,Jurkat,Qside = 15 μl/min
15.416168428361928,199.0239520958084,982.1477045908184,1.6286853593108974,No,Jurkat,Qside = 15 μl/min
16.75549627951781,212.98613861386136,411.7920792079208,1.6389760178888608,No,Jurkat,Qside = 15 μl/min
17.031956857829297,215.7558139534884,178.10077519379846,1.6411001889192884,No,Jurkat,Qside = 15 μl/min
19.19399236138196,235.0306709265176,1223.3552715654953,1.6577120806090604,No,Jurkat,Qside = 15 μl/min
19.05885030898216,233.9315789473684,312.6438596491228,1.656673723406549,No,Jurkat,Qside = 15 μl/min
20.041625567442697,242.24255691768823,2008.6558669001752,1.6642248279661676,No,Jurkat,Qside = 15 μl/min
18.97510730151635,233.17588932806325,1700.2154150197628,1.6560302881958358,No,Jurkat,Qside = 15 μl/min
19.62642915076988,238.70194384449243,601.5334773218143,1.661034687058483,No,Jurkat,Qside = 15 μl/min
20.765586678381982,248.16290480863591,967.0186457311088,1.669787346964014,No,Jurkat,Qside = 15 μl/min
21.737696890490668,256.5780553077609,1806.1373773416592,1.6772565071732404,No,Jurkat,Qside = 15 μl/min
20.676037980658712,247.45696721311475,225.1106557377049,1.669099304022492,No,Jurkat,Qside = 15 μl/min
21.55775194164225,254.9971098265896,489.771676300578,1.675873909156011,No,Jurkat,Qside = 15 μl/min
21.699232840555943,256.1705069124424,1138.451612903226,1.6769609705687696,No,Jurkat,Qside = 15 μl/min
22.307885167327782,261.43130118289355,831.0818926296633,1.681637520288905,No,Jurkat,Qside = 15 μl/min
21.494551950719803,254.4218533886584,1036.4246196403872,1.675388315185758,No,Jurkat,Qside = 15 μl/min
22.035775619319995,258.99773499433746,1084.3114382785957,1.679546780182264,No,Jurkat,Qside = 15 μl/min
22.26974976013344,261.1213675213675,872.6803418803419,1.6813445087944972,No,Jurkat,Qside = 15 μl/min
23.83718701948597,274.7113884555382,590.2059282371295,1.6933878346048694,No,Jurkat,Qside = 15 μl/min
24.903732679839344,284.59527824620574,752.2411467116358,1.7015825848589117,No,Jurkat,Qside = 15 μl/min
22.87024792368052,396.2923076923077,882.2358974358974,1.685958406409203,No,Jurkat,Qside = 15 μl/min
22.383604526689886,400.4640657084189,48.90965092402464,1.6822193062005952,No,Jurkat,Qside = 15 μl/min
22.04378175346549,403.31382978723406,1550.002659574468,1.6796082949136644,No,Jurkat,Qside = 15 μl/min
21.591374142328487,407.2899022801303,1426.228013029316,1.676132243653874,No,Jurkat,Qside = 15 μl/min
20.428035602597507,417.0876826722338,1918.4154488517745,1.6671937901507778,No,Jurkat,Qside = 15 μl/min
20.27349848184696,418.3198198198198,75.13288288288288,1.6660064119103468,No,Jurkat,Qside = 15 μl/min
17.825095186215712,439.2264150943397,1697.287211740042,1.6471942276085292,No,Jurkat,Qside = 15 μl/min
17.24537200065469,444.6130319148936,649.4308510638298,1.6427399534984302,No,Jurkat,Qside = 15 μl/min
16.17809152575814,455.1131034482759,1922.7751724137927,1.634539557333586,No,Jurkat,Qside = 15 μl/min
15.074430444019768,467.14180024660914,269.2922318125771,1.6260596325951036,No,Jurkat,Qside = 15 μl/min
15.55193665985609,461.6427221172023,1507.281663516068,1.629728527729171,No,Jurkat,Qside = 15 μl/min
14.142224212872996,478.4493670886076,1067.0021097046413,1.618897072628399,No,Jurkat,Qside = 15 μl/min
13.754282012709076,483.6623164763458,1643.8482871125611,1.6159163381305497,No,Jurkat,Qside = 15 μl/min
13.512046999122571,487.0362844702468,1368.2656023222062,1.6140551375154082,No,Jurkat,Qside = 15 μl/min
16.854250624236933,212.51724137931035,107.08222811671088,1.6397347919587932,No,Jurkat,Qside = 15 μl/min
17.494995645723744,218.64587973273944,1333.8507795100222,1.644657924294136,No,Jurkat,Qside = 15 μl/min
18.16572253186604,224.6547619047619,1410.3690476190477,1.649811420787466,No,Jurkat,Qside = 15 μl/min
20.113238314108703,241.27786259541983,843.6053435114504,1.6647750609245384,No,Jurkat,Qside = 15 μl/min
19.95855703607312,239.9389140271493,453.6233031674208,1.663586575058816,No,Jurkat,Qside = 15 μl/min
19.263191242881984,234.06430155210643,709.0288248337029,1.6582437667551215,No,Jurkat,Qside = 15 μl/min
20.905309182400742,247.83843212237093,932.4302103250478,1.6708608978375168,No,Jurkat,Qside = 15 μl/min
19.959595952708145,239.9483204134367,1760.3204134366924,1.6635945575228357,No,Jurkat,Qside = 15 μl/min
21.76554369590608,255.1259259259259,1644.28,1.6774704667103095,No,Jurkat,Qside = 15 μl/min
20.714560417845185,246.31690140845072,1973.4348591549297,1.6693952892424924,No,Jurkat,Qside = 15 μl/min
21.004115853976295,248.73791821561335,1900.0334572490704,1.671620073958234,No,Jurkat,Qside = 15 μl/min
22.39803709855485,260.5654761904762,347.1532738095238,1.6823301981448913,No,Jurkat,Qside = 15 μl/min
22.1789580581791,258.65384615384613,610.6653846153846,1.680646915292116,No,Jurkat,Qside = 15 μl/min
22.621447500371914,262.4592592592593,747.012962962963,1.6840467607967324,No,Jurkat,Qside = 15 μl/min
24.52814608512532,279.23956723338483,898.4914992272024,1.698696784037756,No,Jurkat,Qside = 15 μl/min
20.63211400501377,417.0040404040404,1636.3474747474747,1.668761816351823,No,Jurkat,Qside = 15 μl/min
20.27812201553959,419.8313008130081,1518.7540650406504,1.6660419366002976,No,Jurkat,Qside = 15 μl/min
19.561959771995767,425.8615702479339,1443.9917355371902,1.660539339810141,No,Jurkat,Qside = 15 μl/min
18.38919196828449,435.77259887005647,1309.0437853107344,1.651528437028715,No,Jurkat,Qside = 15 μl/min
17.874156556677903,440.2770780856423,1032.7304785894207,1.647571188195407,No,Jurkat,Qside = 15 μl/min
17.135523261491635,447.0545454545455,668.5555555555555,1.641895936203508,No,Jurkat,Qside = 15 μl/min
13.167190481431096,493.6188034188034,455.0888888888889,1.6114054497045518,No,Jurkat,Qside = 15 μl/min
17.285629164043197,215.38028169014083,909.0753935376968,1.6430492674004678,No,Jurkat,Qside = 15 μl/min
17.124344097431198,213.9380053908356,71.52830188679245,1.6418100416554078,No,Jurkat,Qside = 15 μl/min
18.844394751339205,229.25959367945825,1738.3566591422125,1.6550259648521772,No,Jurkat,Qside = 15 μl/min
18.85912898523773,229.3680981595092,1182.223926380368,1.6551391746016246,No,Jurkat,Qside = 15 μl/min
20.045592021090155,239.39199157007377,1919.736564805058,1.664255304014445,No,Jurkat,Qside = 15 μl/min
19.602620320070614,235.62477558348291,592.1220825852782,1.6608517530982465,No,Jurkat,Qside = 15 μl/min
19.57996423641741,235.43639921722112,1601.1076320939335,1.6606776762123014,No,Jurkat,Qside = 15 μl/min
21.23431116894102,249.42714126807564,772.2691879866518,1.6733887681509998,No,Jurkat,Qside = 15 μl/min
20.62447528703992,244.26966292134836,820.1091492776886,1.6687031246442068,No,Jurkat,Qside = 15 μl/min
22.107435796865893,256.68694493783306,1354.7353463587922,1.6800973775734291,No,Jurkat,Qside = 15 μl/min
22.08291082729937,256.48211920529803,102.58807947019868,1.679908941196013,No,Jurkat,Qside = 15 μl/min
22.00850583263546,255.8783783783784,679.3896396396397,1.6793372541397629,No,Jurkat,Qside = 15 μl/min
22.504688101882127,260.2412587412587,423.9772727272728,1.683149645796406,No,Jurkat,Qside = 15 μl/min
23.170156336089967,265.752107925801,1293.397976391231,1.68826273770053,No,Jurkat,Qside = 15 μl/min
23.58102072266898,269.4894736842105,862.6447368421053,1.691419593671591,No,Jurkat,Qside = 15 μl/min
22.16029712322697,405.58097165991904,312.2732793522267,1.6805035349314583,No,Jurkat,Qside = 15 μl/min
20.37322894141204,420.54185022026434,1130.977973568282,1.6667726859098924,No,Jurkat,Qside = 15 μl/min
18.827681954572977,433.61576971214015,326.50563204005005,1.6548975529138636,No,Jurkat,Qside = 15 μl/min
13.430060348015864,490.8196347031964,1605.7853881278538,1.6134251971809623,No,Jurkat,Qside = 15 μl/min
13.784936474646656,176.0070257611241,1213.426229508197,1.6161518701561235,No,Jurkat,Qside = 15 μl/min
17.745435568817022,219.67708333333331,1826.4131944444443,1.6465821669212273,No,Jurkat,Qside = 15 μl/min
18.641251530556097,227.50611476952025,330.3715898400753,1.6534651240724512,No,Jurkat,Qside = 15 μl/min
17.58051260799427,218.134110787172,1692.2274052478135,1.6453149895978936,No,Jurkat,Qside = 15 μl/min
18.388496815979305,225.35091743119267,240.61009174311928,1.651523095860736,No,Jurkat,Qside = 15 μl/min
19.587386662464134,235.69287469287468,65.34398034398035,1.66073470605171,No,Jurkat,Qside = 15 μl/min
20.029501589326895,239.3502824858757,1369.552865213882,1.6641316739865135,No,Jurkat,Qside = 15 μl/min
18.78288852745921,228.8103896103896,753.038961038961,1.6545533848563063,No,Jurkat,Qside = 15 μl/min
19.842926679322023,237.86323713927223,290.2308657465496,1.662698134994237,No,Jurkat,Qside = 15 μl/min
21.408474240039904,250.9449049244271,1486.1228668941978,1.6747269413996344,No,Jurkat,Qside = 15 μl/min
21.014167779131164,247.6544378698225,1655.4887573964495,1.6716973074225652,No,Jurkat,Qside = 15 μl/min
22.070019255746335,256.4643356643357,1992.0223776223777,1.6798098894505642,No,Jurkat,Qside = 15 μl/min
22.387793556539016,259.14102564102564,757.9961538461539,1.6822514924019896,No,Jurkat,Qside = 15 μl/min
23.497490169235963,268.86219512195123,517.9865853658537,1.690777790840816,No,Jurkat,Qside = 15 μl/min
22.85080651089224,263.0488322717622,1406.2292993630574,1.685809029286115,No,Jurkat,Qside = 15 μl/min
20.534945530467382,419.1956087824351,1287.0039920159682,1.6680152272360698,No,Jurkat,Qside = 15 μl/min
20.416571856486485,420.1749271137026,1952.8862973760931,1.667105709030721,No,Jurkat,Qside = 15 μl/min
20.3085171386397,421.0190476190476,510.8666666666667,1.6662754760088812,No,Jurkat,Qside = 15 μl/min
19.383466892659904,428.8492957746479,269.0732394366197,1.6591678986964076,No,Jurkat,Qside = 15 μl/min
19.10273060964848,431.2243713733075,402.33075435203097,1.6570108755027035,No,Jurkat,Qside = 15 μl/min
18.96376475110848,432.40932642487047,545.4300518134716,1.6559431382769043,No,Jurkat,Qside = 15 μl/min
18.60385172237011,435.3456561922366,689.720887245841,1.6531777645162449,No,Jurkat,Qside = 15 μl/min
18.19306938282625,438.91188524590166,937.0594262295082,1.6500215389494763,No,Jurkat,Qside = 15 μl/min
17.66137172440792,443.6311360448808,829.227208976157,1.645936266575902,No,Jurkat,Qside = 15 μl/min
17.632937834533827,443.8944281524927,622.0879765395895,1.645717796204749,No,Jurkat,Qside = 15 μl/min
15.79765688724215,461.9470752089137,1360.431754874652,1.6316165068102806,No,Jurkat,Qside = 15 μl/min
15.492134566042582,465.2341040462428,679.9797687861271,1.6292690413314597,No,Jurkat,Qside = 15 μl/min
14.251278909994804,479.82633053221286,156.6778711484594,1.6197349889409995,No,Jurkat,Qside = 15 μl/min
13.03256084931154,497.3639846743295,1373.3409961685825,1.6103710296576428,No,Jurkat,Qside = 15 μl/min
14.002142940059986,179.5969827586207,1060.1810344827586,1.617820765172804,No,Jurkat,Qside = 15 μl/min
16.657829395071808,210.024043715847,39.3016393442623,1.6382255992655643,No,Jurkat,Qside = 15 μl/min
17.05404249756467,213.97323135755255,1060.9694072657744,1.641269882827913,No,Jurkat,Qside = 15 μl/min
18.45991472280201,226.67312661498707,471.0284237726098,1.652071831776913,No,Jurkat,Qside = 15 μl/min
18.92318801661051,230.6430260047281,1378.8652482269504,1.655631368966226,No,Jurkat,Qside = 15 μl/min
19.076237060285955,232.1200923787529,594.4665127020785,1.656807313640854,No,Jurkat,Qside = 15 μl/min
20.579399233304045,244.6125385405961,1814.2219938335047,1.66835678503913,No,Jurkat,Qside = 15 μl/min
20.90948952236016,247.3490099009901,648.7481435643564,1.670893017270578,No,Jurkat,Qside = 15 μl/min
21.118376846026266,249.17376490630323,1162.2742759795572,1.6724979925776005,No,Jurkat,Qside = 15 μl/min
20.243784675986745,241.84412955465584,1293.2105263157894,1.6657781073687103,No,Jurkat,Qside = 15 μl/min
21.084003035020967,248.90512333965845,547.3339658444023,1.6722338831194317,No,Jurkat,Qside = 15 μl/min
21.50032897566561,252.26417112299464,1733.0267379679144,1.675432702668078,No,Jurkat,Qside = 15 μl/min
21.20843780786208,249.8411405295316,1492.1751527494907,1.673189971474818,No,Jurkat,Qside = 15 μl/min
22.14551836942872,257.8616541353384,884.8541353383458,1.680389983115587,No,Jurkat,Qside = 15 μl/min
21.80672393947533,254.92874109263656,29.104513064133016,1.6777868730527616,No,Jurkat,Qside = 15 μl/min
22.432507471353205,260.3318112633181,1895.2359208523592,1.6825950495307689,No,Jurkat,Qside = 15 μl/min
23.64644295025682,391.914,749.208,1.6919222620861507,No,Jurkat,Qside = 15 μl/min
23.592380649627877,392.4492307692308,958.5046153846154,1.6915068771023831,No,Jurkat,Qside = 15 μl/min
20.32437755080825,420.1031746031746,1849.6507936507935,1.6663973386927575,No,Jurkat,Qside = 15 μl/min
16.115779783860543,457.72151898734177,1548.1,1.634060788180303,No,Jurkat,Qside = 15 μl/min
15.893800233698114,459.9655963302752,1791.1123853211009,1.6323552194056077,No,Jurkat,Qside = 15 μl/min
14.742587215124916,473.07531380753136,170.9058577405858,1.6235099317380517,No,Jurkat,Qside = 15 μl/min
13.660471216248812,487.0274841437632,1343.4957716701904,1.615195547566487,No,Jurkat,Qside = 15 μl/min
13.35577559455265,170.53411764705882,944.8164705882352,1.6128544339919657,No,Jurkat,Qside = 15 μl/min
15.04553001353331,193.0151187904968,692.414686825054,1.6258375775824825,No,Jurkat,Qside = 15 μl/min
18.204721432722916,224.72820512820516,599.5794871794872,1.6501110668922547,No,Jurkat,Qside = 15 μl/min
18.19812390048424,224.6636363636364,1590.3886363636364,1.6500603750831755,No,Jurkat,Qside = 15 μl/min
19.529749081619578,236.0780234070221,1547.5240572171651,1.66029185058117,No,Jurkat,Qside = 15 μl/min
19.839422376291267,238.57853107344636,1233.3378531073447,1.662671209857115,No,Jurkat,Qside = 15 μl/min
19.60496826642779,236.69851380042465,716.9936305732484,1.6608697934266845,No,Jurkat,Qside = 15 μl/min
20.58754869251493,244.86915887850463,1353.17523364486,1.668419401001504,No,Jurkat,Qside = 15 μl/min
21.526785082174595,252.83367346938772,1627.722448979592,1.6756359768396345,No,Jurkat,Qside = 15 μl/min
21.7442816853544,254.6696562032885,317.0747384155456,1.6773071011153362,No,Jurkat,Qside = 15 μl/min
23.350736455649415,268.3308510638298,689.6042553191489,1.6896502160201594,No,Jurkat,Qside = 15 μl/min
23.12102003238825,266.28765432098766,1465.5691358024692,1.6878852013678534,No,Jurkat,Qside = 15 μl/min
23.85227065783271,272.6422628951747,1989.3926788685524,1.6935037289859247,No,Jurkat,Qside = 15 μl/min
22.956029463465725,397.5681114551084,432.0123839009288,1.686617504581066,No,Jurkat,Qside = 15 μl/min
22.31040833945127,403.0830769230769,108.11384615384615,1.681656906955757,No,Jurkat,Qside = 15 μl/min
20.3471645615309,419.5857627118644,666.3220338983051,1.6665724215502946,No,Jurkat,Qside = 15 μl/min
19.934259258695832,422.9767441860465,1866.4832041343668,1.6633998843012263,No,Jurkat,Qside = 15 μl/min
19.474159894013408,426.85575048732943,538.8362573099415,1.659864733837657,No,Jurkat,Qside = 15 μl/min
18.838967000796657,432.2112068965517,799.0581896551724,1.654984261002271,No,Jurkat,Qside = 15 μl/min
18.669334612901498,433.689156626506,1126.4096385542168,1.653680899031498,No,Jurkat,Qside = 15 μl/min
18.63391266125338,434.002824858757,1895.3248587570624,1.6534087362371073,No,Jurkat,Qside = 15 μl/min
17.52719266140439,443.6195652173913,761.7891304347826,1.6449053084542673,No,Jurkat,Qside = 15 μl/min
17.333058871315433,445.4486166007905,218.06521739130437,1.6434136911848083,No,Jurkat,Qside = 15 μl/min
15.3425748698806,465.59090909090907,2025.2058823529408,1.628119906883984,No,Jurkat,Qside = 15 μl/min
14.06661517019022,481.15819209039546,913.0866290018832,1.618316134329398,No,Jurkat,Qside = 15 μl/min
13.17976062728027,167.89487870619945,1001.6954177897574,1.6115020317916764,No,Jurkat,Qside = 15 μl/min
14.840085710392632,190.7731092436975,1688.1512605042017,1.6242590565515165,No,Jurkat,Qside = 15 μl/min
15.66391744976668,200.0662100456621,1404.796803652968,1.6305889265294098,No,Jurkat,Qside = 15 μl/min
17.255490912018345,216.2913385826772,435.3149606299213,1.6428177016479473,No,Jurkat,Qside = 15 μl/min
17.881074039714477,222.0142076502732,66.15683060109289,1.647624338330444,No,Jurkat,Qside = 15 μl/min
17.652503969196182,219.9171597633136,1285.2292899408285,1.6458681316221202,No,Jurkat,Qside = 15 μl/min
18.27282789041749,225.56038647343,1110.461352657005,1.6506343594546282,No,Jurkat,Qside = 15 μl/min
19.11473167006545,232.6614730878187,1688.2903682719548,1.657103085050364,No,Jurkat,Qside = 15 μl/min
19.23421536003036,233.8053278688525,1949.9651639344263,1.6580211320080251,No,Jurkat,Qside = 15 μl/min
19.24103603520575,233.87822014051525,761.9742388758782,1.6580735383247016,No,Jurkat,Qside = 15 μl/min
19.42125537929113,235.33252427184465,270.81310679611653,1.6594582446440145,No,Jurkat,Qside = 15 μl/min
19.83940331013733,238.73743922204213,1232.1183144246354,1.6626710633632744,No,Jurkat,Qside = 15 μl/min
20.05934484787644,240.6280193236715,1453.537842190016,1.6643609731714162,No,Jurkat,Qside = 15 μl/min
20.29025930564281,242.59325044404972,1562.7317939609236,1.666135192861941,No,Jurkat,Qside = 15 μl/min
21.10205803893211,249.3615160349854,894.0466472303207,1.672372607839233,No,Jurkat,Qside = 15 μl/min
20.28728473693488,242.5682326621924,1001.7091722595078,1.6661123379120022,No,Jurkat,Qside = 15 μl/min
21.319416924117476,251.29874776386404,733.3345259391771,1.6740426739656102,No,Jurkat,Qside = 15 μl/min
21.838627318818865,255.62417871222075,1660.0827858081473,1.6780320010727787,No,Jurkat,Qside = 15 μl/min
22.19622745443311,258.6864147088866,798.29417773238,1.680779603834764,No,Jurkat,Qside = 15 μl/min
22.185459651980533,258.59251101321587,1980.9669603524228,1.6806968699630098,No,Jurkat,Qside = 15 μl/min
22.412851783547943,260.5476718403548,937.8580931263858,1.6824440260363014,No,Jurkat,Qside = 15 μl/min
22.3559550623254,260.09158415841586,1938.0272277227723,1.682006862923624,No,Jurkat,Qside = 15 μl/min
23.01602798048153,265.6027210884354,1540.344217687075,1.6870785001866306,No,Jurkat,Qside = 15 μl/min
22.790533226294507,263.68501529051986,1084.6605504587155,1.6853459225175724,No,Jurkat,Qside = 15 μl/min
24.022209877410557,274.51776649746193,1366.3007614213195,1.69480944848259,No,Jurkat,Qside = 15 μl/min
24.662829583347765,280.32020547945206,219.4332191780822,1.699731617962173,No,Jurkat,Qside = 15 μl/min
23.257445933194685,394.8413685847589,1182.528771384137,1.6889334229554047,No,Jurkat,Qside = 15 μl/min
21.771825481732044,407.51543942992873,809.667458432304,1.677518732497614,No,Jurkat,Qside = 15 μl/min
20.200778693495515,420.61997226074897,2015.7877947295424,1.665447673052538,No,Jurkat,Qside = 15 μl/min
19.467947411189627,426.7762803234501,873.8409703504043,1.6598170005365047,No,Jurkat,Qside = 15 μl/min
19.24399408023644,428.66906474820144,216.62589928057557,1.6580962663157923,No,Jurkat,Qside = 15 μl/min
18.77358554118571,432.7085889570552,1931.8251533742327,1.6544819058264233,No,Jurkat,Qside = 15 μl/min
18.75151849666672,432.90441176470586,1892.152573529412,1.6543123547932137,No,Jurkat,Qside = 15 μl/min
18.104712788838167,438.36346516007535,1500.642184557439,1.6493426554773984,No,Jurkat,Qside = 15 μl/min
16.87118873202759,449.7071651090343,472.3821391484943,1.6398649350630974,No,Jurkat,Qside = 15 μl/min
12.657562672287533,502.9310344827586,253.9704433497537,1.6074897499143876,No,Jurkat,Qside = 15 μl/min
11.76699221442134,138.36102236421726,290.2364217252396,1.6006470963298955,No,Jurkat,Qside = 15 μl/min
14.78882597228331,190.63705583756345,835.6142131979695,1.62386520491674,No,Jurkat,Qside = 15 μl/min
18.39796144485905,227.06076854334228,1068.2386058981233,1.6515958168635023,No,Jurkat,Qside = 15 μl/min
20.042521563492446,241.05928365582545,1385.4499794153974,1.664231712307016,No,Jurkat,Qside = 15 μl/min
18.826387146365605,230.81020408163263,1701.2020408163266,1.654887604319743,No,Jurkat,Qside = 15 μl/min
19.48831175616433,236.4379671150972,1670.0777279521674,1.6599734689629009,No,Jurkat,Qside = 15 μl/min
19.650310117827157,237.88266199649735,61.4553415061296,1.661218175274819,No,Jurkat,Qside = 15 μl/min
19.69425990106484,238.22179732313572,1622.2313575525814,1.6615558612368366,No,Jurkat,Qside = 15 μl/min
21.62360185344911,254.4308333333333,1795.6391666666666,1.6763798636608835,No,Jurkat,Qside = 15 μl/min
20.257280557801504,242.9158163265306,751.7066326530612,1.6658818023018398,No,Jurkat,Qside = 15 μl/min
21.06335696490052,249.60734149054505,492.90211345939935,1.672075250071965,No,Jurkat,Qside = 15 μl/min
21.212473348940343,250.8445475638051,1286.713457076566,1.6732209783529155,No,Jurkat,Qside = 15 μl/min
20.66932519730593,246.34328358208955,366.3009950248757,1.66904772668724,No,Jurkat,Qside = 15 μl/min
21.130386655335947,250.14666666666668,624.3219047619048,1.672590269346941,No,Jurkat,Qside = 15 μl/min
22.112936393019535,258.5218274111675,1182.5685279187817,1.680139641128946,No,Jurkat,Qside = 15 μl/min
